Rank,Team,Won,Lost,Tied,PF,PA,Rating
1,AUBURN,13,1,0,1232,911,113.500
2,TENNESSEE,14,0,0,1117,783,112.779
3,ALABAMA,12,2,0,1276,1083,112.106
4,IOWA ST.,12,1,0,1126,845,112.045
5,DUKE,12,2,0,1124,829,111.858
6,MEMPHIS,12,3,0,1186,1108,111.705
7,OREGON,13,2,0,1194,1041,111.676
8,FLORIDA,13,1,0,1236,931,111.435
9,MARQUETTE,13,2,0,1206,996,111.409
10,TEXAS A&M,12,2,0,1070,874,111.158
11,MISSISSIPPI ST.,13,1,0,1176,934,111.084
12,UTAH ST.,14,1,0,1249,1001,111.083
13,KENTUCKY,12,2,0,1263,1027,111.060
14,KANSAS,10,3,0,1031,836,110.917
15,MICHIGAN ST.,12,2,0,1135,934,110.877
16,ILLINOIS,11,3,0,1227,941,110.781
17,PITTSBURGH,12,2,0,1177,957,110.688
18,WEST VIRGINIA,11,2,0,983,813,110.599
19,HOUSTON,10,3,0,1004,710,110.516
20,GONZAGA,12,4,0,1399,1098,110.503
21,NEBRASKA,12,2,0,1076,904,110.461
22,PURDUE,11,4,0,1161,1047,110.376
23,SAN DIEGO ST.,9,3,0,894,767,110.294
24,WISCONSIN,11,3,0,1175,1007,110.261
25,MICHIGAN,11,3,0,1177,940,110.232
26,OKLAHOMA,13,1,0,1159,985,110.197
27,OLE MISS,12,2,0,1114,903,109.966
28,CLEMSON,12,3,0,1178,1003,109.866
29,LOUISVILLE,10,5,0,1167,1052,109.817
30,UCONN,12,3,0,1259,1029,109.726
31,UCLA,11,3,0,1064,829,109.717
32,ARIZONA ST.,10,3,0,1001,922,109.686
33,INDIANA,12,3,0,1184,1054,109.441
34,VANDERBILT,13,1,0,1205,931,109.321
35,GEORGIA,12,2,0,1125,897,109.191
36,SMU,11,3,0,1195,1009,109.185
37,ST. JOHN'S (NY),12,3,0,1228,1007,109.152
38,WASHINGTON ST.,13,3,0,1305,1184,109.113
39,BAYLOR,9,4,0,1092,896,109.105
40,NORTH CAROLINA,9,6,0,1269,1188,109.014
41,UCF,10,3,0,1024,996,108.984
42,SAINT MARY'S (CA),13,3,0,1201,999,108.982
43,ST. BONAVENTURE,14,1,0,1100,916,108.976
44,OHIO ST.,9,5,0,1138,977,108.950
45,UC IRVINE,13,2,0,1128,966,108.896
46,CREIGHTON,9,6,0,1126,1059,108.805
47,ARIZONA,8,5,0,1103,892,108.695
48,ARKANSAS,11,3,0,1125,927,108.657
49,DAYTON,11,4,0,1149,1025,108.585
50,BYU,10,3,0,1073,854,108.503
51,MISSOURI,11,3,0,1203,963,108.492
52,PENN ST.,12,3,0,1302,1028,108.479
53,SAN FRANCISCO,13,4,0,1322,1136,108.462
54,TEXAS TECH,10,3,0,1125,848,108.457
55,UC SAN DIEGO,13,2,0,1217,927,108.452
56,NEW MEXICO,12,3,0,1305,1143,108.428
57,COLORADO,9,4,0,974,912,108.324
58,BRADLEY,13,2,0,1224,1026,108.310
59,MARYLAND,11,4,0,1282,952,108.267
60,LSU,11,3,0,1167,951,108.209
61,DRAKE,12,2,0,1014,815,108.199
62,IOWA,10,4,0,1251,1080,108.194
63,GEORGETOWN,12,2,0,1059,882,108.157
64,NORTHWESTERN,10,5,0,1111,993,108.056
65,BOISE ST.,11,4,0,1161,995,108.056
66,WAKE FOREST,11,4,0,1036,974,107.924
67,LIBERTY,13,2,0,1201,890,107.863
68,TEXAS,11,3,0,1158,886,107.855
69,RHODE ISLAND,12,2,0,1145,985,107.852
70,CINCINNATI,10,3,0,1008,786,107.759
71,FLORIDA ST.,10,4,0,1107,973,107.700
72,OREGON ST.,12,4,0,1218,1001,107.567
73,FURMAN,13,2,0,1183,975,107.518
74,SOUTH CAROLINA,10,4,0,1033,938,107.470
75,COL. OF CHARLESTON,12,3,0,1196,1123,107.377
76,NOVA SOUTHEASTERN,13,0,0,1453,1074,107.339
77,WASHBURN,13,0,0,1096,818,107.263
78,SANTA CLARA,10,6,0,1298,1204,107.220
79,VIRGINIA,8,6,0,859,861,107.156
80,NORTH TEXAS,9,4,0,877,783,107.147
81,STANFORD,9,5,0,1076,1007,107.132
82,WASHINGTON,10,5,0,1116,1041,107.085
83,WICHITA ST.,10,4,0,1102,1043,106.998
84,GRAND CANYON,11,4,0,1197,1043,106.989
85,VCU,11,4,0,1168,939,106.966
86,UNLV,9,5,0,1029,973,106.933
87,SOUTHERN CALIFORNIA,9,5,0,1067,974,106.924
88,ARKANSAS ST.,11,4,0,1189,1056,106.901
89,TCU,8,5,0,941,854,106.890
90,NEVADA,8,7,0,1127,1012,106.837
91,VILLANOVA,10,5,0,1201,1004,106.799
92,XAVIER,9,6,0,1192,1042,106.729
93,RUTGERS,8,6,0,1110,1050,106.636
94,UTEP,12,3,0,1119,989,106.613
95,BUTLER,7,8,0,1077,1045,106.555
96,MIDDLE TENN.,10,5,0,1170,1066,106.503
97,MCNEESE,9,5,0,1071,902,106.497
98,PROVIDENCE,7,8,0,1050,1012,106.462
99,COLORADO ST.,8,6,0,1020,966,106.383
100,BELMONT,10,5,0,1217,1175,106.353
101,UNI,9,6,0,1163,1013,106.349
102,WESTERN KY.,10,5,0,1185,1145,106.330
103,GEORGE MASON,10,5,0,1111,927,106.297
104,DAVIDSON,11,4,0,1144,1043,106.295
105,KENT ST.,9,4,0,902,838,106.273
106,SAMFORD,12,3,0,1331,1137,106.181
107,UTAH,8,5,0,1075,909,106.176
108,SAINT JOSEPH'S,10,5,0,1131,1024,106.104
109,TROY,10,4,0,1032,915,106.044
110,LIPSCOMB,10,5,0,1182,996,106.043
111,FLA. ATLANTIC,8,7,0,1242,1174,106.039
112,FLA. MEMORIAL,1,0,0,80,78,106.023
113,LMU (CA),9,7,0,1140,1131,105.989
114,FERRIS ST.,14,1,0,1334,1015,105.937
115,PRINCETON,11,4,0,1168,1080,105.912
116,OKLAHOMA ST.,8,5,0,965,950,105.905
117,DEPAUL,9,6,0,1165,1087,105.897
118,MONTANA,9,6,0,1158,1127,105.854
119,LOUISIANA TECH,11,4,0,1155,1019,105.835
120,TEMPLE,9,5,0,1111,1037,105.818
121,NC STATE,8,6,0,1022,939,105.817
122,SOUTH ALABAMA,11,4,0,1127,913,105.789
123,KANSAS ST.,7,6,0,991,911,105.787
124,GEORGE WASHINGTON,12,3,0,1181,1005,105.778
125,UC RIVERSIDE,10,6,0,1144,1153,105.742
126,HIGH POINT,13,4,0,1339,1133,105.732
127,MINNESOTA,8,6,0,944,911,105.714
128,CALIFORNIA,7,7,0,1089,1076,105.621
129,MINOT ST.,17,0,0,1424,1146,105.611
130,WIS.-PLATTEVILLE,11,1,0,936,792,105.558
131,UIC,10,5,0,1211,1111,105.535
132,UMASS LOWELL,12,4,0,1350,1166,105.534
133,SOUTH DAKOTA ST.,10,6,0,1259,1136,105.524
134,MARIST,11,2,0,921,866,105.519
135,ILLINOIS ST.,10,5,0,1187,1062,105.500
136,ST. THOMAS (MN),12,5,0,1453,1255,105.472
137,COLUMBIA,11,2,0,1064,896,105.467
138,ALABAMA HUNTSVILLE,13,1,0,1252,1003,105.455
139,CENTRAL CONN. ST.,11,4,0,1089,969,105.400
140,NOTRE DAME,7,7,0,1058,992,105.399
141,SAINT LOUIS,9,6,0,1166,1056,105.353
142,NORTHERN COLO.,10,5,0,1262,1142,105.351
143,CALIFORNIA BAPTIST,8,7,0,1127,1118,105.347
144,WYOMING,9,6,0,1078,1052,105.346
145,CSUN,11,4,0,1226,1039,105.329
146,RADFORD,11,6,0,1272,1208,105.291
147,GEORGIA TECH,8,7,0,1160,1089,105.264
148,JAMES MADISON,9,6,0,1120,1037,105.262
149,RICE,11,4,0,1050,972,105.187
150,BOSTON COLLEGE,9,6,0,1069,1085,105.178
151,HAWAII,9,5,0,1007,949,105.167
152,UNCW,11,4,0,1223,1068,105.162
153,SOUTHWEST MINN. ST.,11,3,0,1062,934,105.149
154,UC SANTA BARBARA,9,5,0,1055,905,105.106
155,MILWAUKEE,11,5,0,1265,1136,105.086
156,MURRAY ST.,8,7,0,1132,1031,105.062
157,COLO. SCH. OF MINES,10,2,0,1032,825,105.018
158,UNC GREENSBORO,9,6,0,1119,954,104.979
159,GOVERNORS ST.,1,0,0,79,61,104.978
160,WINONA ST.,11,4,0,1172,1056,104.950
161,LOYOLA CHICAGO,9,5,0,1069,949,104.946
162,LAKE SUPERIOR ST.,12,2,0,1118,933,104.934
163,LA SALLE,8,6,0,1093,1038,104.877
164,CONCORDIA-ST. PAUL,12,4,0,1411,1342,104.873
165,UTRGV,10,4,0,1153,990,104.856
166,TRINE,10,1,0,869,684,104.851
167,ELON,11,4,0,1152,995,104.844
168,VALPARAISO,9,6,0,1193,1086,104.832
169,PURDUE FORT WAYNE,11,6,0,1399,1240,104.817
170,YALE,7,6,0,1062,912,104.788
171,XAVIER (LA),1,0,0,62,56,104.781
172,SYRACUSE,6,8,0,1073,1116,104.770
173,NORTH DAKOTA ST.,11,6,0,1376,1227,104.757
174,NEW MEXICO ST.,9,6,0,1122,1033,104.691
175,NORFOLK ST.,10,7,0,1267,1163,104.686
176,DBU,14,2,0,1350,1133,104.681
177,AKRON,8,5,0,1039,947,104.653
178,NYU,11,0,0,935,666,104.642
179,WINTHROP,11,6,0,1437,1277,104.598
180,KENNESAW ST.,9,5,0,1137,1044,104.595
181,MIAMI (OH),9,4,0,1082,932,104.593
182,DAEMEN,12,0,0,997,731,104.585
183,HOFSTRA,9,6,0,1019,965,104.575
184,WEST LIBERTY,11,1,0,1117,1005,104.540
185,OHIO,7,6,0,1016,961,104.467
186,VIRGINIA TECH,6,8,0,996,1029,104.454
187,NORTH ALA.,10,5,0,1186,1072,104.442
188,FLA. SOUTHERN,13,2,0,1332,1196,104.419
189,NORTHEASTERN,9,6,0,1041,1026,104.358
190,SAINT MARTIN'S,15,2,0,1420,1221,104.353
191,UNC ASHEVILLE,10,5,0,1289,1120,104.349
192,SOUTHERN NAZARENE,9,1,0,730,633,104.313
193,TOLEDO,7,6,0,1001,1004,104.304
194,JACKSONVILLE,7,7,0,982,1010,104.299
195,MOUNT ST. MARY'S,9,5,0,1017,1011,104.272
196,INDIANA ST.,9,6,0,1251,1150,104.248
197,SOUTH FLA.,8,6,0,1099,1034,104.241
198,ROBERT MORRIS,10,6,0,1189,1149,104.223
199,UTAH VALLEY,9,6,0,1132,1022,104.150
200,SOUTHWESTERN (KS),1,0,0,80,76,104.129
201,MIDWESTERN ST.,9,3,0,923,826,104.111
202,NORTH FLORIDA,7,8,0,1253,1284,104.111
203,LUBBOCK CHRISTIAN,10,4,0,1101,945,104.100
204,MSU DENVER,10,2,0,933,796,104.063
205,NORTHERN KY.,9,7,0,1145,1114,104.026
206,LONGWOOD,12,5,0,1330,1177,104.024
207,A&M-CORPUS CHRISTI,9,6,0,1230,1015,104.023
208,UNT DALLAS,2,1,0,201,223,104.012
209,BROWN,8,5,0,953,912,103.970
210,UC DAVIS,8,7,0,1055,1070,103.957
211,CORNELL,8,5,0,1123,993,103.949
212,MINN. DULUTH,9,5,0,1068,936,103.932
213,WIS.-LA CROSSE,10,2,0,962,839,103.911
214,TEXAS ST.,8,7,0,1133,1034,103.895
215,HOLY CROSS,9,6,0,1043,1052,103.863
216,CLEVELAND ST.,10,6,0,1184,1048,103.849
217,FINDLAY,12,1,0,1203,959,103.848
218,FRIENDS,1,1,0,164,158,103.839
219,SAM HOUSTON,7,8,0,1198,1173,103.831
220,ILL. WESLEYAN,11,2,0,1037,889,103.828
221,YOUNGSTOWN ST.,10,6,0,1197,1115,103.821
222,MISSOURI ST.,7,8,0,1072,1061,103.805
223,LENOIR-RHYNE,11,2,0,1165,1041,103.802
224,WESTCLIFF,2,1,0,242,247,103.798
225,WASHU,10,1,0,884,711,103.789
226,PACE,13,1,0,1106,856,103.763
227,NICHOLLS,8,6,0,1029,969,103.755
228,MISSOURI S&T,10,2,0,1032,826,103.717
229,QUEENS (NC),9,6,0,1153,1125,103.715
230,NORTHERN MICH.,10,2,0,891,775,103.709
231,WOFFORD,7,8,0,1119,1067,103.702
232,FORDHAM,8,7,0,1129,1142,103.694
233,GANNON,12,2,0,1375,1128,103.672
234,FGCU,6,9,0,1036,1041,103.624
235,ETSU,8,7,0,1137,1026,103.604
236,MERRIMACK,6,8,0,893,935,103.595
237,CHATTANOOGA,9,6,0,1151,1083,103.572
238,EMORY,10,1,0,938,762,103.550
239,JACKSONVILLE ST.,8,6,0,1131,989,103.539
240,DREXEL,9,6,0,1065,980,103.522
241,APP STATE,7,7,0,973,910,103.507
242,PEPPERDINE,7,10,0,1263,1232,103.479
243,WRIGHT ST.,8,8,0,1219,1154,103.472
244,POINT LOMA,12,4,0,1203,1095,103.472
245,UPPER IOWA,9,4,0,1111,997,103.467
246,SAN JOSE ST.,7,9,0,1217,1168,103.466
247,LAMAR UNIVERSITY,8,6,0,1044,949,103.431
248,EAST CAROLINA,8,7,0,1149,1070,103.430
249,CSU BAKERSFIELD,8,8,0,1190,1116,103.417
250,MERCER,9,6,0,1243,1137,103.409
251,SOUTH DAKOTA,10,7,0,1444,1352,103.407
252,UAB,8,7,0,1276,1124,103.402
253,GA. SOUTHERN,8,7,0,1104,1184,103.395
254,SOUTHERN UTAH,8,7,0,1149,1104,103.372
255,UT ARLINGTON,7,8,0,1167,1115,103.352
256,HILLSDALE,12,2,0,1093,899,103.352
257,OAKLAND,5,11,0,1041,1146,103.351
258,WIS.-STEVENS POINT,10,2,0,860,695,103.351
259,UIW,9,5,0,1103,935,103.342
260,WEST TEX. A&M,10,4,0,1154,990,103.315
261,LITTLE ROCK,8,6,0,960,975,103.284
262,SETON HALL,5,9,0,863,894,103.280
263,SEATTLE U,5,10,0,1111,1061,103.275
264,TULANE,8,7,0,1150,1004,103.262
265,TOWSON,6,9,0,979,996,103.261
266,KANSAS CITY,10,7,0,1316,1098,103.250
267,QUINNIPIAC,7,8,0,1049,1076,103.239
268,WESLEYAN (CT),13,0,0,1027,762,103.233
269,DUQUESNE,6,9,0,1019,972,103.228
270,WARNER PACIFIC,3,0,0,221,191,103.227
271,CAL POLY,6,10,0,1319,1366,103.215
272,WIS. LUTHERAN,11,1,0,988,792,103.200
273,NORTHWESTERN ST.,6,7,0,892,924,103.181
274,EASTERN KY.,7,8,0,1156,1149,103.167
275,CHARLOTTE,7,8,0,1083,1110,103.142
276,WOOSTER,12,1,0,1040,868,103.140
277,PALM BEACH ATL.,11,2,0,1062,902,103.136
278,MINNESOTA ST.,9,7,0,1239,1180,103.079
279,WILLIAM & MARY,8,7,0,1239,1140,103.076
280,HAMPTON,8,7,0,1121,1051,103.056
281,CENTRAL MICH.,6,7,0,954,906,103.053
282,LINCOLN MEMORIAL,9,2,0,913,809,103.044
283,NORTHERN ARIZ.,10,5,0,1225,1076,103.041
284,MARSHALL,8,8,0,1198,1141,103.032
285,HAMPDEN-SYDNEY,10,2,0,988,849,103.027
286,ASSUMPTION,11,2,0,1103,972,103.024
287,BALL ST.,7,6,0,981,913,103.013
288,STOCKTON,10,2,0,1039,942,103.008
289,MICHIGAN TECH,9,4,0,1017,891,102.981
290,BETHUNE-COOKMAN,4,10,0,902,1037,102.978
291,SIUE,9,6,0,1096,985,102.973
292,DENISON,11,1,0,945,778,102.972
293,MSU MOORHEAD,10,4,0,1012,930,102.968
294,SFA,7,7,0,898,868,102.936
295,FORT HAYS ST.,9,4,0,907,776,102.900
296,SIENA,7,8,0,1055,1089,102.897
297,HAMILTON,11,1,0,899,768,102.858
298,FRESNO ST.,4,11,0,1112,1234,102.846
299,MIAMI (FL),4,10,0,1097,1052,102.829
300,GARDNER-WEBB,6,9,0,1091,1149,102.826
301,EASTERN MICH.,7,6,0,922,981,102.822
302,VALDOSTA ST.,11,2,0,1218,1061,102.800
303,LEWIS,9,3,0,914,872,102.796
304,WEST CHESTER,11,2,0,1004,921,102.794
305,NORTHWEST NAZARENE,10,1,0,820,751,102.781
306,LEHIGH,6,7,0,934,965,102.778
307,ABILENE CHRISTIAN,8,8,0,1154,1137,102.761
308,IDAHO ST.,6,7,0,978,873,102.732
309,SOUTHERN ILL.,5,10,0,1066,1130,102.728
310,MONT. ST. BILLINGS,11,5,0,1194,1138,102.719
311,CSUSB,11,4,0,1123,996,102.716
312,OMAHA,8,9,0,1232,1274,102.713
313,UTSA,6,7,0,1029,1020,102.701
314,ROCKY MOUNTAIN,1,1,0,172,174,102.690
315,IDAHO,6,9,0,1117,1118,102.684
316,SOUTHERN U.,6,8,0,1059,1008,102.684
317,TRINITY (CT),11,1,0,966,682,102.683
318,RICHMOND,7,8,0,1069,1095,102.679
319,COKER,11,2,0,1421,1279,102.667
320,SAINT JOHN'S (MN),11,2,0,978,802,102.661
321,MANHATTAN,7,6,0,1005,1023,102.655
322,AMERICAN,7,8,0,1050,1085,102.652
323,ST. MARY'S (TX),8,4,0,866,795,102.650
324,MO.-ST. LOUIS,6,6,0,774,799,102.610
325,UALBANY,8,8,0,1230,1193,102.605
326,PORTLAND ST.,8,6,0,1137,1019,102.603
327,SOUTHEAST MO. ST.,8,7,0,1115,1015,102.598
328,DELAWARE,8,7,0,1175,1139,102.591
329,TENNESSEE TECH,8,7,0,1104,1124,102.573
330,MONTANA ST.,5,10,0,1077,1062,102.538
331,BINGHAMTON,9,7,0,1122,1132,102.500
332,AUSTIN PEAY,6,9,0,987,1068,102.485
333,EASTERN N.M.,9,4,0,1210,911,102.469
334,LYNN,8,4,0,1024,878,102.429
335,STONEHILL,9,8,0,1202,1206,102.423
336,DETROIT MERCY,6,11,0,1164,1264,102.409
337,ROCKHURST,10,3,0,1038,922,102.408
338,ROGERS ST.,12,5,0,1322,1165,102.407
339,TEX. PERMIAN BASIN,10,4,0,1057,1002,102.395
340,OKLA. BAPTIST,9,3,0,946,829,102.393
341,BRYANT,7,9,0,1322,1256,102.340
342,EASTERN WASH.,5,10,0,1138,1181,102.338
343,LOYOLA MARYLAND,6,7,0,924,919,102.310
344,KY. WESLEYAN,10,3,0,1021,881,102.274
345,FIU,7,8,0,1119,1052,102.263
346,CAL LUTHERAN,9,4,0,1038,959,102.245
347,MASSACHUSETTS,5,10,0,1103,1125,102.232
348,UINDY,8,5,0,1003,992,102.216
349,CHICO ST.,10,2,0,969,867,102.210
350,MARY HARDIN-BAYLOR,11,3,0,1098,987,102.172
351,ALABAMA ST.,5,9,0,1076,1113,102.160
352,ADELPHI,14,4,0,1360,1204,102.155
353,TARLETON ST.,6,10,0,1048,1166,102.154
354,REDLANDS,10,2,0,1085,915,102.120
355,MISSOURI WESTERN,10,4,0,987,914,102.118
356,BUCKNELL,5,10,0,1035,1119,102.112
357,MONTEVALLO,10,3,0,1065,971,102.104
358,TAMPA,10,3,0,1205,1052,102.104
359,CATHOLIC,9,2,0,823,721,102.095
360,OLD DOMINION,6,9,0,1042,1124,102.093
361,LINCOLN (MO),10,4,0,981,836,102.087
362,TUFTS,12,2,0,1128,932,102.076
363,PRESBYTERIAN,8,9,0,1300,1163,102.075
364,CHRIS. NEWPORT,13,3,0,1272,1120,102.065
365,VERMONT,8,8,0,1058,1025,102.044
366,ST. THOMAS (TX),10,2,0,935,820,102.032
367,PORTLAND,5,12,0,1197,1347,102.026
368,SOUTH CAROLINA ST.,7,9,0,1211,1118,102.018
369,ANGELO ST.,9,4,0,917,824,102.006
370,NIAGARA,6,8,0,953,992,102.001
371,SAINT PETER'S,5,6,0,765,725,101.995
372,ANDERSON (IN),9,4,0,1083,1023,101.941
373,LONG BEACH ST.,6,10,0,1067,1137,101.937
374,ST. EDWARD'S,10,5,0,1223,1059,101.937
375,HARVARD,5,8,0,872,923,101.924
376,FAIRMONT ST.,11,1,0,1033,903,101.920
377,CARSON-NEWMAN,11,5,0,1419,1357,101.905
378,TREVECCA NAZARENE,9,4,0,1083,943,101.899
379,UNG,10,4,0,1057,972,101.881
380,GEORGIA ST.,5,10,0,1072,1175,101.876
381,MAINE,8,8,0,1137,1079,101.875
382,WESTERN ILL.,8,7,0,1063,1042,101.849
383,COLUMBUS ST.,10,2,0,1006,879,101.845
384,WIS.-OSHKOSH,9,3,0,938,860,101.838
385,WHITWORTH,10,1,0,906,742,101.834
386,CAL ST. DOM. HILLS,10,3,0,995,903,101.828
387,CUMBERLAND (TN),1,1,0,137,158,101.822
388,RANDOLPH-MACON,9,4,0,954,800,101.815
389,SIOUX FALLS,7,7,0,1056,1041,101.789
390,CUI,9,5,0,1035,967,101.785
391,WEBER ST.,6,10,0,1222,1141,101.779
392,EVANSVILLE,5,10,0,974,1051,101.764
393,CHAMINADE,11,3,0,1262,1094,101.764
394,NORTH PARK,9,4,0,991,997,101.764
395,BOSTON U.,7,8,0,1018,1016,101.740
396,BIOLA,10,4,0,1079,982,101.740
397,TRUMAN ST.,7,5,0,906,929,101.740
398,EAST STROUDSBURG,9,3,0,1045,955,101.739
399,IONA,5,10,0,1005,1097,101.721
400,UMBC,8,8,0,1330,1226,101.715
401,ACADEMY OF ART,8,5,0,1009,932,101.711
402,COASTAL CAROLINA,8,7,0,1038,1007,101.710
403,SACRED HEART,6,8,0,1064,1059,101.680
404,MOREHEAD ST.,8,7,0,1057,1078,101.676
405,HOWARD,6,9,0,1163,1189,101.676
406,DELAWARE ST.,7,8,0,1117,1103,101.657
407,SOUTHEASTERN LA.,6,8,0,987,967,101.636
408,BUFFALO,5,8,0,960,1066,101.621
409,ST. CLOUD ST.,9,7,0,1204,1161,101.586
410,FORT LEWIS,8,5,0,953,916,101.579
411,CATAWBA,8,5,0,1069,1037,101.570
412,UCHICAGO,9,2,0,825,664,101.565
413,OREGON TECH,1,0,0,107,75,101.558
414,CAL ST. FULLERTON,5,11,0,1009,1170,101.550
415,BABSON,7,4,0,830,758,101.535
416,PITTSBURG ST.,7,6,0,976,956,101.520
417,DARTMOUTH,6,7,0,1036,938,101.479
418,CHARLESTON SO.,5,12,0,1244,1336,101.451
419,AUGUSTANA (SD),7,8,0,1045,1043,101.451
420,LAFAYETTE,6,9,0,1035,1032,101.449
421,HAWAII PACIFIC,8,6,0,1007,964,101.445
422,SOUTHERN MISS.,6,9,0,1081,1147,101.434
423,SOUTHWESTERN OKLA.,7,4,0,752,765,101.423
424,AUGUSTANA (IL),8,4,0,887,803,101.417
425,PACIFIC,5,13,0,1279,1333,101.406
426,CARTHAGE,8,4,0,930,816,101.401
427,LOUISIANA,4,11,0,994,1147,101.396
428,LINDENWOOD,6,9,0,1085,1031,101.387
429,DENVER,6,11,0,1290,1367,101.375
430,HARDING,8,4,0,985,948,101.374
431,CAMPBELL,6,9,0,1051,1028,101.365
432,CORBAN,0,1,0,65,100,101.357
433,FAYETTEVILLE ST.,9,5,0,1039,971,101.345
434,EMBRY-RIDDLE (FL),10,3,0,1178,1100,101.320
435,BLACK HILLS ST.,7,5,0,924,814,101.302
436,JACKSON ST.,1,13,0,867,1152,101.301
437,CAL POLY POMONA,8,4,0,839,780,101.285
438,UC-COLO. SPRINGS,8,5,0,1008,985,101.276
439,CHAPMAN,10,3,0,984,878,101.271
440,USC AIKEN,8,4,0,1045,937,101.270
441,FAIRFIELD,5,9,0,977,1043,101.243
442,KEENE ST.,7,3,0,860,769,101.239
443,SAN DIEGO,4,12,0,1067,1173,101.231
444,TULSA,6,9,0,1120,1111,101.222
445,NEW ORLEANS,2,12,0,917,1195,101.221
446,LANDER,8,4,0,1012,897,101.218
447,UNC PEMBROKE,8,4,0,999,869,101.203
448,ARMY WEST POINT,6,8,0,1083,1073,101.199
449,GUSTAVUS ADOLPHUS,9,3,0,933,839,101.194
450,NEWMAN,9,4,0,1043,914,101.189
451,THOMAS MORE,10,3,0,969,829,101.184
452,VIRGINIA ST.,10,4,0,1142,994,101.179
453,LAKE ERIE,8,4,0,1097,936,101.163
454,VA. WESLEYAN,10,3,0,902,780,101.163
455,CALDWELL,9,4,0,940,950,101.146
456,CSU PUEBLO,8,4,0,898,774,101.138
457,FLORIDA A&M,3,9,0,840,974,101.138
458,GETTYSBURG,9,3,0,918,883,101.128
459,SOUTHERN N.H.,8,4,0,889,845,101.127
460,SAINT FRANCIS,5,11,0,1153,1203,101.095
461,UTAH TECH,4,11,0,1068,1152,101.076
462,BRANDEIS,9,2,0,977,795,101.067
463,CENTRAL OKLA.,8,5,0,1067,914,101.049
464,HAWAII HILO,9,6,0,1189,1025,101.039
465,ST. THOMAS AQUINAS,9,6,0,1283,1256,101.035
466,UT MARTIN,6,9,0,1141,1039,101.029
467,NEB. WESLEYAN,9,3,0,861,801,101.017
468,HENDERSON ST.,9,3,0,965,881,101.011
469,NORTH DAKOTA,6,11,0,1291,1312,101.011
470,MERCYHURST,7,10,0,1115,1165,100.996
471,WESTERN MICH.,3,10,0,915,965,100.968
472,N.C. CENTRAL,7,11,0,1429,1306,100.963
473,WAYNE ST. (NE),8,7,0,1080,988,100.912
474,AUGUSTA,8,5,0,1100,1060,100.891
475,HEIDELBERG,7,5,0,1027,944,100.887
476,LIU,6,11,0,1184,1180,100.867
477,MCKENDREE,6,6,0,899,882,100.866
478,SACRAMENTO ST.,5,9,0,944,900,100.854
479,NORTH CENTRAL (IL),9,5,0,1026,1032,100.839
480,AIR FORCE,3,11,0,911,980,100.836
481,WABASH,7,5,0,850,768,100.834
482,RAMAPO,9,3,0,877,797,100.823
483,CALVIN,5,6,0,808,777,100.823
484,CARNEGIE MELLON,8,3,0,856,811,100.823
485,JAMESTOWN,4,4,0,595,612,100.818
486,VANGUARD,8,4,0,1005,890,100.808
487,FLAGLER,7,4,0,932,873,100.806
488,MONMOUTH,3,12,0,1015,1159,100.802
489,ST. NORBERT,9,4,0,954,867,100.790
490,DOMINICAN (NY),6,5,0,878,851,100.786
491,BOWLING GREEN,5,8,0,1009,970,100.769
492,PENN,4,9,0,824,966,100.740
493,CHOWAN,7,4,0,955,937,100.728
494,EAST TEXAS A&M,2,12,0,889,1103,100.728
495,EASTERN ILL.,5,9,0,998,1042,100.724
496,WIS.-EAU CLAIRE,8,4,0,862,828,100.702
497,GRAND VALLEY ST.,6,6,0,937,849,100.681
498,MARIAN (WI),11,2,0,924,805,100.677
499,MILES,9,3,0,821,693,100.666
500,USC BEAUFORT,9,3,0,1072,1018,100.641
501,CENTRAL MO.,7,6,0,849,841,100.636
502,SOUTHERN IND.,6,8,0,1054,1019,100.611
503,ROANOKE,9,3,0,1037,814,100.608
504,NORTHEASTERN ST.,9,5,0,1131,1058,100.604
505,UVA WISE,8,6,0,1131,1086,100.587
506,COLGATE,4,11,0,1007,1076,100.584
507,ADAMS ST.,6,6,0,1066,1052,100.577
508,WAGNER,8,7,0,959,870,100.570
509,BARRY,7,7,0,1062,1139,100.540
510,HOUSTON CHRISTIAN,4,10,0,911,991,100.519
511,WPI,9,3,0,874,763,100.500
512,WESTERN CARO.,4,9,0,900,1016,100.496
513,LE MOYNE,5,11,0,1190,1285,100.478
514,PRAIRIE VIEW,2,12,0,1061,1274,100.465
515,CEDARVILLE,7,5,0,909,879,100.461
516,RIDER,4,10,0,906,1034,100.451
517,N.M. HIGHLANDS,7,6,0,1045,1071,100.446
518,SHEPHERD,8,5,0,855,875,100.434
519,SCHREINER,8,4,0,969,1019,100.423
520,ROWAN,7,5,0,1000,992,100.417
521,CENTRAL ARK.,5,10,0,1087,1157,100.404
522,JEFFERSON,8,4,0,881,855,100.387
523,FDU,5,11,0,1244,1259,100.368
524,STONY BROOK,4,11,0,1006,1137,100.354
525,OTTERBEIN,7,4,0,808,766,100.319
526,TEXAS SOUTHERN,3,11,0,1005,1135,100.319
527,MARIETTA,7,4,0,911,820,100.309
528,YORK (PA),7,4,0,788,745,100.264
529,N.C. A&T,4,12,0,1182,1261,100.242
530,TRINITY (TX),7,5,0,956,967,100.240
531,TCNJ,9,3,0,1053,896,100.227
532,CAMPBELLSVILLE,0,1,0,76,104,100.207
533,QUINCY,6,6,0,914,883,100.189
534,BLOOMFIELD,7,5,0,988,981,100.177
535,FRANKLIN,8,5,0,948,896,100.170
536,WILLIAMS,8,3,0,773,655,100.167
537,STEVENS,8,3,0,827,705,100.154
538,CHARLESTON (WV),6,5,0,933,922,100.134
539,TEX. A&M INT'L,7,9,0,1047,1030,100.036
540,ROSE-HULMAN,8,4,0,841,806,100.033
541,YOUNG HARRIS,9,4,0,999,844,99.999
542,ILL. SPRINGFIELD,6,7,0,978,966,99.990
543,ORAL ROBERTS,4,10,0,1029,1060,99.985
544,ANDERSON (SC),8,5,0,1089,996,99.982
545,JOHN CARROLL,7,4,0,883,812,99.952
546,OBERLIN,9,4,0,931,930,99.949
547,CLAFLIN,10,7,0,1345,1251,99.942
548,NORTHWESTERN OKLA.,6,6,0,938,969,99.928
549,EMMANUEL (GA),8,7,0,1296,1228,99.921
550,COLORADO MESA,6,6,0,827,854,99.917
551,BLUEFIELD ST.,8,5,0,1243,1157,99.901
552,CAL STATE LA,5,7,0,845,834,99.899
553,USC UPSTATE,4,12,0,1209,1318,99.899
554,WESTMINSTER (UT),7,6,0,969,959,99.893
555,NAVY,5,10,0,1089,1088,99.893
556,CLARK ATLANTA,9,4,0,916,901,99.882
557,OHIO NORTHERN,8,3,0,876,732,99.880
558,CENTRAL WASH.,8,5,0,1050,950,99.878
559,LORAS,9,3,0,1027,840,99.875
560,VMI,6,9,0,1175,1080,99.858
561,EASTERN,7,4,0,840,833,99.852
562,PITT.-BRADFORD,10,2,0,1235,1143,99.847
563,WILLIAM JEWELL,5,7,0,821,825,99.830
564,UT TYLER,6,7,0,890,849,99.825
565,POST,8,6,0,1111,1092,99.818
566,TEX. A&M-KINGSVILLE,7,8,0,1040,1094,99.810
567,SOUTHWEST BAPTIST,6,5,0,854,772,99.798
568,ASHLAND,7,6,0,954,868,99.797
569,MIDDLEBURY,7,4,0,873,829,99.797
570,JOHNS HOPKINS,5,5,0,743,727,99.779
571,LETOURNEAU,11,5,0,1303,1269,99.757
572,CHATHAM,10,4,0,1041,976,99.757
573,WESTERN WASH.,9,6,0,1220,1097,99.757
574,SWARTHMORE,8,4,0,858,828,99.748
575,MILLIKIN,8,4,0,825,793,99.747
576,BRIAR CLIFF (IA),0,1,0,69,80,99.743
577,COE,8,5,0,977,917,99.735
578,WESTERN NEW ENG.,8,3,0,833,752,99.720
579,GREEN BAY,2,15,0,1181,1377,99.719
580,CLAREMONT-M-S,8,3,0,839,671,99.685
581,CORNELL COLLEGE,9,4,0,1024,1070,99.667
582,MOREHOUSE,7,6,0,978,989,99.653
583,MILLERSVILLE,8,5,0,1100,970,99.645
584,DRURY,6,6,0,892,832,99.644
585,TENNESSEE ST.,5,10,0,1205,1146,99.643
586,LINCOLN (PA),9,5,0,1022,959,99.599
587,NIU,4,9,0,944,968,99.583
588,GUILFORD,9,3,0,887,795,99.574
589,ALCORN,0,14,0,845,1146,99.568
590,REGIS (CO),5,7,0,872,933,99.563
591,BENTLEY,6,6,0,963,911,99.559
592,WINGATE,5,6,0,935,939,99.555
593,COLUMBIA INT'L,1,4,0,330,465,99.537
594,MOUNT UNION,7,4,0,887,806,99.534
595,OKLA. CHRISTIAN,5,7,0,926,955,99.514
596,BRY. & STRAT. (SYR.),1,0,0,86,65,99.509
597,AUM,6,7,0,959,1028,99.495
598,IU INDY,5,12,0,1272,1236,99.494
599,BETHEL (MN),9,3,0,953,890,99.485
600,SAINT LEO,7,7,0,1088,1022,99.479
601,HOBART,8,3,0,746,692,99.458
602,ST. ANSELM,7,6,0,1058,1057,99.456
603,SLIPPERY ROCK,8,6,0,1070,1032,99.438
604,FELICIAN,7,5,0,908,861,99.382
605,AZUSA PACIFIC,8,6,0,988,975,99.380
606,CAMERON,4,9,0,983,991,99.367
607,BOWDOIN,9,4,0,908,770,99.364
608,WALSH,4,6,0,721,792,99.354
609,CHICAGO ST.,1,16,0,1002,1384,99.339
610,CLAYTON ST.,6,6,0,854,864,99.337
611,MONTCLAIR ST.,8,4,0,1036,944,99.334
612,EASTERN CONN. ST.,9,2,0,760,673,99.331
613,ITHACA,5,4,0,670,655,99.330
614,GRAMBLING,3,11,0,962,1013,99.322
615,SAINT JOSEPH (CT),7,5,0,863,835,99.316
616,ARK.-FORT SMITH,6,7,0,1052,935,99.311
617,STANISLAUS ST.,6,9,0,999,1104,99.310
618,MONTANA TECH,0,1,0,60,89,99.304
619,ALAS. ANCHORAGE,8,7,0,1106,924,99.284
620,UC SANTA CRUZ,9,8,0,1333,1326,99.279
621,SOUTHERN CONN. ST.,5,7,0,925,957,99.276
622,GWYNEDD MERCY,10,1,0,948,726,99.274
623,STETSON,3,12,0,1098,1242,99.269
624,VIRGINIA UNION,7,8,0,1055,1045,99.264
625,WEST ALA.,8,5,0,929,860,99.262
626,WEST GA.,2,13,0,1026,1166,99.262
627,COPPIN ST.,2,13,0,837,1146,99.262
628,SALISBURY,11,5,0,1169,1113,99.258
629,AMHERST,9,4,0,954,757,99.231
630,WASH. & JEFF.,9,4,0,992,921,99.229
631,ILLINOIS COL.,9,4,0,914,836,99.215
632,TRANSYLVANIA,6,6,0,849,853,99.213
633,ELMHURST,6,7,0,924,965,99.184
634,NEB.-KEARNEY,4,8,0,887,892,99.179
635,CHADRON ST.,6,7,0,983,948,99.179
636,WILLIAM WOODS,0,1,0,57,78,99.172
637,CHRISTIAN BROTHERS,6,7,0,940,954,99.166
638,NEW HAVEN,7,7,0,1013,1015,99.159
639,ST. LAWRENCE,7,2,0,503,474,99.158
640,ARKANSAS TECH,5,7,0,825,807,99.147
641,WAYNE ST. (MI),5,7,0,905,857,99.135
642,WEST VIRGINIA ST.,5,6,0,949,961,99.114
643,OUACHITA BAPTIST,8,5,0,1115,1008,99.110
644,COLBY,8,3,0,935,827,99.102
645,BRIDGEPORT,7,6,0,1160,1157,99.096
646,SONOMA ST.,6,5,0,788,793,99.091
647,THE CITADEL,5,8,0,933,962,99.083
648,NEW JERSEY CITY,8,4,0,867,833,99.077
649,RENSSELAER,9,2,0,681,600,99.072
650,LSU-ALEXANDRIA,0,1,0,50,77,99.064
651,SAGINAW VALLEY,5,7,0,896,905,99.048
652,SOUTHEASTERN (FL),1,1,0,166,170,99.048
653,NEWBERRY,6,8,0,950,998,99.033
654,ELIZABETH CITY ST.,7,6,0,1022,1000,99.033
655,DREW,8,3,0,1005,832,99.028
656,SOUTHERN ORE.,1,1,0,145,155,99.005
657,MIDDLE GA. ST.,1,3,0,288,362,98.997
658,OSWEGO ST.,6,3,0,685,617,98.993
659,MARYVILLE (TN),8,5,0,992,995,98.993
660,WILKES,9,2,0,871,763,98.990
661,MORGAN ST.,6,11,0,1368,1394,98.980
662,MO. SOUTHERN ST.,7,7,0,1126,1106,98.955
663,POMONA-PITZER,6,5,0,810,702,98.954
664,MARYVILLE (MO),5,9,0,1034,1052,98.930
665,UC MERCED,3,2,0,346,324,98.924
666,LEWIS & CLARK,6,6,0,912,755,98.924
667,TEXAS WESLEYAN,0,2,0,122,155,98.918
668,CENTRAL (IA),7,6,0,1035,954,98.913
669,ULM,4,12,0,1152,1173,98.913
670,FRANKLIN & MARSHALL,7,4,0,791,721,98.906
671,MARY WASHINGTON,6,7,0,887,797,98.903
672,ST. JOSEPH'S (ME),8,4,0,1078,968,98.889
673,ALAS. FAIRBANKS,7,6,0,1059,1023,98.881
674,SETON HILL,9,6,0,1131,1066,98.870
675,CARLETON,7,4,0,806,772,98.808
676,CAL POLY HUMBOLDT,6,5,0,871,822,98.806
677,MARYMOUNT (VA),7,5,0,817,808,98.792
678,INDIANA (PA),7,6,0,960,931,98.786
679,HANOVER,6,6,0,898,906,98.776
680,BELHAVEN,10,3,0,942,773,98.768
681,LIMESTONE,6,7,0,1053,1028,98.761
682,BLUE MOUNTAIN (MS),0,1,0,62,95,98.760
683,KEAN,5,8,0,941,1009,98.760
684,SAINT VINCENT,9,3,0,942,893,98.757
685,ALABAMA A&M,5,9,0,1075,1149,98.745
686,COLORADO COL.,4,7,0,789,812,98.735
687,OHIO WESLEYAN,7,7,0,1016,1046,98.734
688,UNION (TN),7,7,0,1074,1071,98.728
689,WIS.-WHITEWATER,7,5,0,877,858,98.713
690,EDWARD WATERS,8,6,0,1061,1088,98.686
691,HOPE,5,6,0,778,782,98.664
692,YESHIVA,5,6,0,785,828,98.641
693,SOUTHERN ARK.,4,8,0,933,898,98.636
694,BELLARMINE,3,12,0,1077,1190,98.613
695,DUBUQUE,8,5,0,951,933,98.597
696,FERRUM,10,4,0,1148,911,98.597
697,UMES,4,13,0,1171,1369,98.594
698,TEXAS-DALLAS,8,7,0,1088,1163,98.584
699,NORTH CENTRAL (MN),6,6,0,918,941,98.551
700,ROLLINS,8,6,0,1207,1100,98.549
701,BEMIDJI ST.,6,8,0,1044,1061,98.545
702,MSOE,7,5,0,881,866,98.544
703,COLO. CHRISTIAN,6,8,0,968,1022,98.538
704,NORTHWEST MO. ST.,3,10,0,820,892,98.528
705,LIVINGSTONE,8,6,0,1137,990,98.518
706,CALIFORNIA (PA),7,8,0,1252,1227,98.518
707,BETHANY (KS),1,2,0,214,248,98.502
708,DAKOTA WESLEYAN,0,2,0,131,170,98.486
709,WIS.-PARKSIDE,4,7,0,708,776,98.442
710,GLENVILLE ST.,7,5,0,973,888,98.433
711,CLARION,8,5,0,999,977,98.433
712,ECKERD,7,7,0,1037,1043,98.430
713,SOUTHERN VA.,10,4,0,1039,1067,98.402
714,ROOSEVELT,4,7,0,815,883,98.362
715,OHIO CHRISTIAN,1,1,0,129,140,98.359
716,BUENA VISTA,8,4,0,927,833,98.355
717,CUMBERLANDS (KY),0,1,0,79,98,98.341
718,ROCHESTER (NY),6,5,0,794,779,98.335
719,GROVE CITY,9,3,0,864,764,98.315
720,MCDANIEL,10,1,0,778,683,98.307
721,HOOD,7,4,0,965,818,98.302
722,NJIT,3,12,0,944,1061,98.295
723,KALAMAZOO,7,4,0,885,885,98.166
724,PUGET SOUND,5,6,0,844,825,98.166
725,SUNY NEW PALTZ,6,3,0,682,636,98.150
726,DAVIS & ELKINS,5,8,0,967,1047,98.118
727,ARK.-PINE BLUFF,3,11,0,1050,1297,98.111
728,MISSISSIPPI VAL.,2,12,0,720,1198,98.078
729,WESTMONT,5,9,0,1020,1013,98.078
730,MANCHESTER,6,6,0,943,956,98.075
731,WARTBURG,9,4,0,1043,988,98.070
732,DOMINICAN (CA),7,7,0,1029,979,98.042
733,BARTON,7,6,0,1135,1034,98.041
734,NEW HAMPSHIRE,2,14,0,1040,1243,98.036
735,CONNECTICUT COL.,7,6,0,907,858,98.036
736,DALTON ST.,0,1,0,69,100,98.036
737,RHODES,7,8,0,1024,1138,98.019
738,STATEN ISLAND,6,9,0,1094,1136,98.016
739,WILLAMETTE,6,5,0,895,861,98.004
740,BATES,5,5,0,694,704,97.999
741,SUFFOLK,7,4,0,782,747,97.994
742,TUSCULUM,3,12,0,1053,1209,97.975
743,EMERSON,6,6,0,822,955,97.969
744,GA. SOUTHWESTERN,6,6,0,976,977,97.957
745,PACIFIC (OR),6,6,0,936,913,97.955
746,BOWIE ST.,8,7,0,1037,1090,97.923
747,WHEELING,6,6,0,1014,967,97.916
748,GRINNELL,10,3,0,1564,1246,97.913
749,WESTERN COLO.,4,9,0,930,1002,97.911
750,RHODE ISLAND COL.,7,4,0,851,853,97.899
751,SIENA HEIGHTS,1,1,0,129,149,97.889
752,ST. FRANCIS (IL),0,3,0,171,245,97.887
753,POINT PARK,8,4,0,1018,886,97.886
754,HUSSON,8,5,0,970,955,97.876
755,HARDIN-SIMMONS,7,9,0,1240,1254,97.873
756,COL. OF IDAHO,0,1,0,66,69,97.821
757,VALLEY CITY ST.,1,1,0,155,172,97.816
758,ROGER WILLIAMS,8,3,0,929,799,97.797
759,HAMLINE,6,7,0,972,908,97.786
760,DESALES,6,5,0,875,812,97.779
761,JESSUP,6,7,0,907,979,97.778
762,SAVANNAH ST.,5,6,0,753,760,97.773
763,HUNTINGDON,12,2,0,1208,1033,97.772
764,SOUTHEASTERN OKLA.,3,9,0,977,1001,97.768
765,DELTA ST.,6,8,0,1132,1133,97.763
766,TUSKEGEE,6,6,0,780,714,97.758
767,CANISIUS,0,14,0,883,1146,97.729
768,VASSAR,6,4,0,787,749,97.718
769,PROVIDENCE (MT),0,1,0,77,82,97.685
770,MISSISSIPPI COL.,6,11,0,1085,1333,97.680
771,SEATTLE PACIFIC,5,10,0,1128,1098,97.678
772,CLARK (MA),6,5,0,844,831,97.658
773,ALVERNIA,8,3,0,877,774,97.635
774,MALONE,4,8,0,879,914,97.632
775,SUNY ONEONTA,7,5,0,878,874,97.625
776,BALDWIN WALLACE,6,6,0,814,908,97.613
777,PHILANDER SMITH,1,0,0,85,75,97.597
778,MOUNT OLIVE,6,12,0,1721,1870,97.582
779,SAN FRAN. ST.,5,8,0,874,974,97.582
780,NORTHWOOD,5,9,0,971,996,97.578
781,EMPORIA ST.,4,9,0,953,997,97.574
782,ALBANY ST. (GA),8,7,0,1064,1094,97.574
783,POINT U.,0,3,0,189,266,97.572
784,UTICA,6,3,0,685,619,97.569
785,EAST CENTRAL,4,8,0,876,870,97.528
786,LA. CHRISTIAN,1,1,0,112,139,97.520
787,OZARKS (AR),9,4,0,951,890,97.510
788,IND.-NORTHWEST,0,1,0,61,78,97.495
789,PAINE,3,2,0,309,334,97.487
790,DEPAUW,6,7,0,969,985,97.485
791,SHAW,7,8,0,1131,1101,97.445
792,AURORA,4,8,0,826,873,97.433
793,LASELL,8,4,0,905,855,97.412
794,LEE,4,7,0,805,786,97.407
795,KENTUCKY ST.,8,7,0,1130,1140,97.396
796,MT. ST. JOSEPH,7,5,0,866,850,97.392
797,CAL ST. EAST BAY,4,8,0,800,864,97.384
798,NORTHWESTERN OHIO,0,1,0,87,130,97.384
799,JOHNSON C. SMITH,6,5,0,806,745,97.384
800,BELOIT,6,6,0,790,768,97.377
801,HOLY FAMILY,6,8,0,960,973,97.375
802,MAYVILLE ST.,2,0,0,171,127,97.373
803,PIEDMONT,8,6,0,1180,1211,97.367
804,JUDSON (IL),0,2,0,94,188,97.366
805,MIT,7,4,0,849,845,97.331
806,BRYAN,0,2,0,133,183,97.317
807,ROCKFORD,8,6,0,1070,1041,97.317
808,NAZARETH,6,5,0,829,869,97.313
809,MINN.-CROOKSTON,3,12,0,1021,1175,97.302
810,MENLO,4,9,0,925,945,97.295
811,MUHLENBERG,7,5,0,846,807,97.265
812,LAMBTON (CAN),0,1,0,50,113,97.260
813,MARY,4,13,0,1122,1326,97.251
814,LOCK HAVEN,6,6,0,898,946,97.232
815,BUSHNELL,0,1,0,65,78,97.218
816,ALBION,5,6,0,796,788,97.204
817,CONCORDIA CHICAGO,5,7,0,934,998,97.169
818,WHITTIER,4,4,0,612,660,97.167
819,CENTRE,8,4,0,962,876,97.158
820,CONCORD,3,6,0,775,774,97.152
821,EMORY & HENRY,3,10,0,1066,1102,97.147
822,BEREA,5,7,0,921,942,97.099
823,KING (TN),5,7,0,966,988,97.098
824,PITT.-JOHNSTOWN,7,6,0,1083,1072,97.094
825,HILBERT,10,3,0,1079,975,97.076
826,MIAMI-HAMILTON,0,2,0,109,157,97.074
827,UHSP,2,2,0,251,346,97.068
828,MID-AMER. CHRISTIAN,0,1,0,69,85,97.040
829,WEST FLORIDA,4,9,0,927,1002,97.037
830,HARRIS-STOWE,2,2,0,291,348,97.029
831,CAL ST. MONTEREY BAY,3,8,0,763,811,97.016
832,ALBERTUS MAGNUS,5,7,0,931,946,97.013
833,MISERICORDIA,7,6,0,923,935,97.010
834,SIMON FRASER,4,10,0,1057,1088,96.987
835,BRY. & STRAT. (ALB.),2,1,0,204,214,96.981
836,MARS HILL,4,8,0,896,996,96.976
837,MONMOUTH (IL),8,5,0,932,903,96.975
838,DAVENPORT,5,8,0,882,901,96.972
839,QUEENS (NY),5,8,0,905,936,96.955
840,FORT LAUDERDALE,2,6,0,667,736,96.950
841,CAPITAL,4,8,0,840,937,96.939
842,IIT,3,9,0,772,899,96.916
843,CARROLL (WI),4,9,0,973,1006,96.889
844,ST. JOHN FISHER,4,5,0,605,643,96.869
845,EDINBORO,6,7,0,1021,907,96.868
846,SEWANEE,7,5,0,1091,980,96.864
847,ME.-PRESQUE ISLE,8,3,0,885,783,96.856
848,FARMINGDALE ST.,4,7,0,740,745,96.848
849,WHITMAN,4,7,0,811,809,96.847
850,GEORGE FOX,5,6,0,920,934,96.831
851,LYNCHBURG,7,6,0,943,975,96.831
852,AVERETT,5,8,0,793,893,96.831
853,RIPON,4,8,0,748,832,96.829
854,N.C. WESLEYAN,6,8,0,984,1102,96.820
855,SPARTANBURG METH.,0,1,0,47,99,96.807
856,URSINUS,7,5,0,1013,984,96.801
857,CONCORDIA (TX),3,5,0,659,697,96.798
858,RUST,1,2,0,211,275,96.795
859,FRESNO PACIFIC,4,11,0,954,1046,96.794
860,NORWICH,9,2,0,855,765,96.793
861,IND.-SOUTHEAST,0,1,0,62,73,96.791
862,BERRY,7,6,0,1021,978,96.772
863,CROWN (MN),7,6,0,1007,997,96.726
864,MONTREAT,0,2,0,135,212,96.717
865,PACIFIC LUTHERAN,4,7,0,798,763,96.715
866,FRANCIS MARION,4,9,0,1013,1166,96.702
867,SPRING HILL,5,9,0,1184,1213,96.693
868,MITCHELL,8,5,0,1022,986,96.675
869,WESTERN ORE.,3,12,0,1053,1285,96.656
870,UW-RIVER FALLS,6,6,0,792,764,96.639
871,OGLETHORPE,8,6,0,1072,1151,96.617
872,SAINT MICHAEL'S,4,11,0,1059,1185,96.613
873,TRUETT-MCCONNELL,1,2,0,213,277,96.606
874,HOPE INT'L,0,1,0,60,66,96.602
875,MORAVIAN,7,4,0,920,826,96.601
876,FLA. NATIONAL,0,4,0,266,388,96.577
877,CHESTNUT HILL,4,8,0,803,885,96.556
878,WESTFIELD ST.,10,3,0,1165,1001,96.554
879,ROBERTS WESLEYAN,5,8,0,1105,1146,96.544
880,MOLLOY,4,8,0,962,1038,96.540
881,BENEDICTINE MESA,0,1,0,74,110,96.540
882,TALLADEGA,2,1,0,179,192,96.525
883,CONCORDIA WISCONSIN,4,8,0,921,915,96.507
884,WESTERN N.M.,2,13,0,978,1196,96.483
885,PFEIFFER,4,6,0,704,822,96.460
886,BETHEL (KS),0,1,0,58,84,96.455
887,PURDUE NORTHWEST,3,10,0,1027,1078,96.448
888,NORTHWESTERN-ST. PAUL,5,6,0,856,842,96.434
889,BARD,7,3,0,713,665,96.397
890,SOUTHERN ME.,5,7,0,971,1022,96.379
891,CAMP. HARRODSBURG,0,1,0,62,98,96.326
892,MARY BALDWIN,6,6,0,898,987,96.320
893,RIT,5,4,0,692,698,96.318
894,PENN ST.-BEHREND,7,5,0,853,817,96.313
895,MOBILE,0,1,0,41,106,96.310
896,LANCASTER BIBLE,8,7,0,1162,1180,96.289
897,MT. MARTY,0,3,0,139,247,96.287
898,OKLA. PANHANDLE,0,1,0,67,111,96.283
899,UMASS DARTMOUTH,3,7,0,787,777,96.275
900,GEORGIA COLLEGE,5,7,0,877,850,96.266
901,NORTHERN N.M.,1,13,0,859,1131,96.262
902,STEVENSON,6,5,0,773,722,96.256
903,COAST GUARD,5,5,0,709,745,96.248
904,FRANCISCAN,8,6,0,949,970,96.211
905,LEES-MCRAE,3,9,0,1008,1056,96.207
906,SUNY GENESEO,3,6,0,589,667,96.196
907,LIFE PACIFIC,1,7,0,481,766,96.187
908,AUGSBURG,6,6,0,883,972,96.174
909,CAROLINAU,1,4,0,237,426,96.164
910,ENDICOTT,6,6,0,985,973,96.158
911,DEAN,9,3,0,953,868,96.154
912,HANNIBAL-LA GRANGE,0,3,0,191,257,96.150
913,OHIO DOMINICAN,5,8,0,957,859,96.127
914,RIVIER,8,5,0,1062,1037,96.112
915,GRAND VIEW,0,1,0,68,83,96.106
916,MUSKINGUM,5,7,0,867,889,96.103
917,MANSFIELD,5,8,0,930,1076,96.102
918,ST. AMBROSE,0,3,0,148,270,96.082
919,ANDREWS,1,0,0,75,58,96.078
920,MARYWOOD,8,7,0,1088,1105,96.048
921,CONCORDIA-M'HEAD,5,8,0,892,874,96.042
922,EASTERN ORE.,0,1,0,63,89,96.027
923,GENEVA,6,6,0,821,852,96.024
924,NICHOLS,5,6,0,846,882,95.998
925,WIDENER,2,9,0,767,878,95.937
926,MILLIGAN,0,2,0,144,173,95.929
927,PENN ST. HARRISBURG,7,6,0,891,854,95.928
928,PITT.-GREENSBURG,7,6,0,1001,973,95.904
929,CWRU,4,7,0,933,940,95.900
930,COASTAL GA.,0,2,0,113,194,95.893
931,CENTRAL ST. (OH),6,10,0,1065,1166,95.879
932,EMMAUS,2,0,0,177,165,95.864
933,SPALDING,5,6,0,796,818,95.859
934,WITTENBERG,5,7,0,824,852,95.848
935,NELSON,0,1,0,67,115,95.844
936,CONVERSE,4,7,0,856,878,95.834
937,SCRANTON,6,5,0,680,661,95.833
938,WEBBER INT'L,0,2,0,105,189,95.826
939,BRIDGEWATER ST.,5,6,0,937,956,95.822
940,REGIS (MA),5,7,0,774,879,95.793
941,FLORIDA TECH,3,14,0,1208,1376,95.781
942,CONCORDIA (MI),0,1,0,46,111,95.776
943,TENN. WESLEYAN,0,1,0,52,99,95.767
944,NEUMANN,10,5,0,1151,1101,95.766
945,PLYMOUTH ST.,6,4,0,762,684,95.763
946,SOUTH DAKOTA MINES,1,12,0,692,875,95.762
947,SPRINGFIELD,4,6,0,669,736,95.760
948,FRANKLIN PIERCE,2,12,0,1060,1228,95.754
949,WHEATON (IL),3,9,0,842,921,95.740
950,NORTH GREENVILLE,5,8,0,937,936,95.723
951,HOWARD PAYNE,7,9,0,1553,1582,95.717
952,CLARKSON,6,4,0,666,622,95.701
953,FANSHAWE (CAN),0,1,0,42,104,95.692
954,WIS.-STOUT,5,8,0,884,945,95.691
955,GOLDEY-BEACOM,5,9,0,993,1077,95.661
956,OTTAWA (KS),0,2,0,124,180,95.642
957,FROSTBURG ST.,4,9,0,931,1014,95.631
958,NORTHERN ST.,1,13,0,928,1046,95.626
959,BRIDGEWATER (VA),6,6,0,774,789,95.601
960,ARCADIA,5,6,0,781,816,95.587
961,SHIPPENSBURG,4,8,0,921,974,95.581
962,WALLA WALLA,1,4,0,318,475,95.550
963,THOMAS (GA),0,1,0,62,107,95.544
964,SUNY POLY,5,5,0,776,759,95.534
965,LAWRENCE,4,9,0,928,1037,95.521
966,OLIVET,2,10,0,757,919,95.516
967,TAMU-SAN ANTONIO,0,2,0,131,182,95.512
968,DAKOTA ST.,1,2,0,226,237,95.510
969,ST. MARY-WOODS,0,1,0,56,93,95.490
970,WHEATON (MA),5,6,0,785,833,95.479
971,RUTGERS-CAMDEN,5,6,0,732,763,95.479
972,ARK.-MONTICELLO,3,9,0,675,718,95.469
973,AMERICAN INT'L,3,11,0,1031,1165,95.460
974,SALEM (WV),4,8,0,951,1017,95.448
975,CAL ST. SAN MARCOS,1,10,0,721,814,95.447
976,FISHER,3,3,0,509,561,95.418
977,RANDOLPH,5,7,0,957,962,95.410
978,BENEDICTINE (IL),3,11,0,1054,1157,95.409
979,CAIRN,7,7,0,1129,1101,95.406
980,REINHARDT,0,1,0,77,114,95.376
981,ALBRIGHT,5,5,0,743,727,95.365
982,UMASS BOSTON,7,6,0,986,1010,95.360
983,ST. THOMAS (FL),0,1,0,58,96,95.348
984,HIRAM,5,8,0,987,1018,95.343
985,OUR LADY OF THE LAKE,0,3,0,181,274,95.323
986,WAYNESBURG,5,7,0,805,846,95.309
987,SHENANDOAH,6,7,0,935,906,95.302
988,SUSQUEHANNA,5,6,0,818,777,95.292
989,LA SIERRA,0,10,0,562,834,95.290
990,WILLIAM CAREY,0,2,0,123,171,95.287
991,MARTIN LUTHER,4,4,0,676,676,95.281
992,JOHN JAY,8,5,0,968,936,95.279
993,CALUMET COL.,0,2,0,114,194,95.274
994,LINFIELD,4,9,0,990,1013,95.246
995,RUTGERS-NEWARK,5,7,0,828,824,95.192
996,MCPHERSON,0,1,0,76,109,95.187
997,MANOR,1,1,0,146,180,95.178
998,MCMURRY,2,9,0,924,1047,95.154
999,NEW COLLEGE (FL),0,2,0,138,164,95.145
1000,MANHATTAN CHRST.,0,3,0,185,266,95.138
1001,BELLEVUE,0,1,0,65,82,95.124
1002,WEBSTER,5,7,0,824,836,95.095
1003,CCNY,5,2,0,526,480,95.089
1004,BETHANY LUTHERAN,3,8,0,899,998,95.074
1005,WESTCONN,6,6,0,902,884,95.074
1006,UC CLERMONT,0,1,0,67,91,95.067
1007,GREENVILLE,5,6,0,1212,1218,95.057
1008,NORTHWEST (WA),0,3,0,177,270,95.037
1009,EMBRY-RIDDLE (AZ),0,2,0,93,179,95.017
1010,TEXAS LUTHERAN,3,10,0,886,1058,94.996
1011,WIS.-SUPERIOR,3,8,0,724,757,94.994
1012,PERU ST.,0,2,0,117,151,94.974
1013,PENN ST.-ALTOONA,6,7,0,1001,1033,94.967
1014,ST. ANDREWS,0,5,0,314,573,94.949
1015,SOUTHERN-N.O.,0,3,0,187,291,94.948
1016,MERCY,3,10,0,966,1111,94.943
1017,LAKE FOREST,4,8,0,956,998,94.942
1018,UNION (NY),4,6,0,778,769,94.941
1019,SPURGEON,0,2,0,124,188,94.939
1020,WARNER,0,3,0,199,273,94.932
1021,LEBANON VALLEY,6,5,0,834,817,94.925
1022,EDGEWOOD,3,10,0,835,941,94.916
1023,COLUMBIA (SC),0,1,0,57,97,94.854
1024,JOHNSON (TN),0,2,0,110,161,94.847
1025,THIEL,5,7,0,806,863,94.846
1026,DOANE,0,1,0,64,104,94.829
1027,CLEARY,0,3,0,136,269,94.817
1028,KY. CHRISTIAN,0,4,0,237,405,94.816
1029,SARAH LAWRENCE,6,6,0,772,821,94.815
1030,FDU-FLORHAM,6,5,0,835,881,94.807
1031,WORCESTER ST.,3,8,0,739,865,94.797
1032,CAL MARITIME,1,5,0,387,545,94.796
1033,KING'S (PA),5,4,0,721,669,94.791
1034,MIDWAY,0,3,0,184,313,94.764
1035,PARK (AZ),0,4,0,231,350,94.761
1036,WEST VA. WESLEYAN,2,10,0,818,987,94.744
1037,SOUTHWEST (NM),0,3,0,190,233,94.726
1038,DALLAS,5,8,0,955,1026,94.723
1039,LOYOLA (LA),0,2,0,127,200,94.723
1040,WASH. & LEE,3,8,0,768,868,94.713
1041,SOUTHWESTERN CHRIST.,0,3,0,182,271,94.705
1042,HOUGHTON,5,6,0,886,955,94.675
1043,ME.-FARMINGTON,5,7,0,980,995,94.649
1044,RUSSELL SAGE,7,2,0,647,550,94.649
1045,KANSAS CHRISTIAN,0,5,0,311,544,94.626
1046,ALLEN,3,8,0,658,723,94.603
1047,BETHANY (WV),5,8,0,1116,1211,94.601
1048,ALFRED,4,6,0,708,766,94.601
1049,BLUFFTON,3,10,0,902,1046,94.585
1050,OCCIDENTAL,4,6,0,735,796,94.574
1051,AUSTIN,6,5,0,859,898,94.561
1052,BREWTON-PARKER,0,2,0,138,219,94.548
1053,SUL ROSS ST.,1,12,0,855,1040,94.543
1054,LA ROCHE,3,9,0,897,931,94.540
1055,SIMPSON,3,10,0,912,1037,94.539
1056,BLOOMSBURG,2,11,0,909,1044,94.539
1057,AQUINAS,0,3,0,183,276,94.525
1058,BETHESDA (CA),0,5,0,263,516,94.517
1059,NOTRE DAME (MD),5,10,0,1029,1107,94.516
1060,ALLEGHENY,4,8,0,795,868,94.482
1061,KUTZTOWN,3,9,0,887,947,94.470
1062,VANCOUVER ISLAND,0,1,0,82,94,94.415
1063,BIBLICAL STUD. (TX),0,8,0,507,790,94.388
1064,KAN. WESLEYAN,0,1,0,55,83,94.387
1065,PLATTSBURGH ST.,4,6,0,726,767,94.374
1066,LYON,6,5,0,840,803,94.359
1067,P.R.-MAYAGUEZ,0,7,0,440,704,94.359
1068,WILMINGTON (DE),3,11,0,1082,1188,94.349
1069,LAKELAND,3,10,0,987,1168,94.348
1070,NORTH AMERICAN,0,1,0,57,67,94.329
1071,KENYON,2,10,0,792,901,94.323
1072,DELAWARE VALLEY,5,6,0,785,774,94.319
1073,APPRENTICE,1,4,0,346,403,94.319
1074,DEFIANCE,0,5,0,272,499,94.316
1075,WINSTON-SALEM,2,8,0,711,761,94.310
1076,GOSHEN,0,2,0,119,194,94.301
1077,ST. MARY'S (MD),7,7,0,1024,975,94.282
1078,LA VERNE,3,7,0,702,881,94.282
1079,WM. PATERSON,5,7,0,830,946,94.237
1080,BREVARD,5,6,0,893,857,94.218
1081,MAINE MARITIME,3,5,0,522,609,94.207
1082,SOUTHERN WESLEYAN,4,8,0,979,1008,94.193
1083,WASHINGTON ADVENTIST,0,1,0,65,109,94.168
1084,VTSU RANDOLPH,2,2,0,280,349,94.152
1085,DICKINSON ST.,0,1,0,54,85,94.152
1086,TIFFIN,2,10,0,822,876,94.126
1087,BETHEL (TN),0,2,0,121,198,94.113
1088,HASKELL,0,3,0,176,275,94.106
1089,ARLINGTON BAPTIST,1,11,0,852,1158,94.101
1090,LINCOLN (CA),0,6,0,399,684,94.093
1091,ST. SCHOLASTICA,5,8,0,961,1006,94.084
1092,BLUEFIELD UNIV.,0,5,0,293,480,94.060
1093,MISSION U.,0,3,0,207,263,94.048
1094,ERSKINE,3,12,0,1070,1329,94.038
1095,SAINT MARY'S (MN),4,9,0,924,1071,94.027
1096,ELIZABETHTOWN,5,6,0,907,909,94.014
1097,DICKINSON,4,7,0,759,818,94.013
1098,DIST. COLUMBIA,3,9,0,826,926,94.004
1099,ALICE LLOYD,0,3,0,204,281,94.000
1100,BENEDICT,3,10,0,810,945,93.998
1101,SHORTER,2,8,0,756,848,93.976
1102,SUNY MARITIME,6,6,0,852,864,93.969
1103,FONTBONNE,4,7,0,816,967,93.950
1104,MICH.-DEARBORN,0,1,0,77,85,93.949
1105,MACALESTER,4,9,0,959,1022,93.939
1106,TRINITY BAPTIST,0,6,0,361,618,93.876
1107,KNOX,3,9,0,900,1013,93.876
1108,WILMINGTON (OH),2,9,0,768,876,93.872
1109,LEHMAN,7,6,0,967,940,93.844
1110,BROOKLYN,4,7,0,738,780,93.832
1111,BOB JONES,2,6,0,567,735,93.813
1112,YORK (NE),0,2,0,90,185,93.806
1113,SCIENCE & ARTS OKLA.,0,1,0,51,87,93.780
1114,PAUL QUINN,0,1,0,42,113,93.762
1115,BOYCE,1,3,0,276,344,93.747
1116,GORDON,5,6,0,875,870,93.745
1117,AVILA,0,3,0,159,275,93.732
1118,CULVER-STOCKTON,0,1,0,74,82,93.725
1119,PENN ST.-WILKES BARRE,0,3,0,118,296,93.721
1120,TABOR,0,3,0,154,282,93.712
1121,PRINCIPIA,4,8,0,859,972,93.703
1122,WALDORF,1,2,0,206,251,93.698
1123,LANE,2,11,0,850,1021,93.687
1124,LINDSEY WILSON,0,2,0,137,178,93.670
1125,GEORGIAN COURT,2,13,0,976,1201,93.662
1126,VIRGINIA-LYNCHBURG,0,15,0,851,1717,93.645
1127,ST. OLAF,1,10,0,638,809,93.625
1128,MULTNOMAH,0,3,0,221,227,93.617
1129,SHAWNEE ST.,0,1,0,56,91,93.607
1130,ASBURY,4,10,0,990,1141,93.584
1131,FORT VALLEY ST.,2,11,0,882,1034,93.580
1132,EAST TEX. BAPTIST,4,11,0,1020,1100,93.572
1133,JUSTICE COL.,0,5,0,268,452,93.559
1134,CENTENARY (NJ),6,7,0,973,986,93.554
1135,EUREKA,3,10,0,923,1081,93.539
1136,CENTRAL PENN,0,2,0,106,216,93.531
1137,ADRIAN,2,9,0,762,837,93.526
1138,HARTFORD,4,7,0,788,858,93.513
1139,SALEM ST.,3,10,0,923,1007,93.513
1140,MOUNT ALOYSIUS,3,9,0,959,1125,93.486
1141,CENT. CHRISTIAN (KS),0,2,0,109,191,93.467
1142,DILLARD,0,3,0,219,290,93.442
1143,CLARKE,0,2,0,98,196,93.439
1144,KEYSTONE,4,6,0,716,793,93.425
1145,CORTLAND,2,7,0,591,648,93.420
1146,TRINITY CHRISTIAN,0,2,0,101,213,93.418
1147,OTTAWA (AZ),0,1,0,55,80,93.417
1148,VOORHEES,0,5,0,302,448,93.414
1149,BARUCH,4,8,0,920,937,93.412
1150,SKIDMORE,4,6,0,672,691,93.406
1151,BRESCIA,0,4,0,198,386,93.399
1152,CROWLEY'S RIDGE,0,1,0,38,93,93.367
1153,WILEY,0,1,0,47,68,93.347
1154,PACIFIC UNION,0,2,0,126,185,93.333
1155,PENN ST.-HAZLETON,1,1,0,136,127,93.323
1156,EVERGREEN ST.,0,6,0,406,637,93.280
1157,RANDALL,0,3,0,176,326,93.221
1158,D'YOUVILLE,2,11,0,985,1077,93.202
1159,U NEW ENGLAND,4,7,0,917,944,93.201
1160,CENTENARY (LA),3,7,0,673,734,93.175
1161,BRYN ATHYN,5,9,0,915,1064,93.168
1162,CARLOW,2,8,0,674,762,93.156
1163,DOMINICAN (IL),3,9,0,921,1010,93.146
1164,DALLAS CHRISTIAN,0,10,0,601,921,93.129
1165,COVENANT,5,6,0,1034,1082,93.107
1166,FRAMINGHAM ST.,6,8,0,1005,1118,93.090
1167,WILSON,5,8,0,968,1019,93.089
1168,OZARK CHRISTIAN,0,4,0,237,366,93.084
1169,FREDONIA,2,8,0,763,823,93.074
1170,SALVE REGINA,3,8,0,826,852,93.033
1171,ELMIRA,4,5,0,687,729,93.033
1172,GRACE CHRISTIAN (MI),0,8,0,504,741,93.029
1173,GRACELAND (IA),0,1,0,54,81,93.017
1174,EAST. MENNONITE,3,8,0,719,775,92.992
1175,NORTHWEST INDIAN,0,11,0,644,1161,92.990
1176,BARCLAY,0,8,0,482,820,92.977
1177,SUNY MORRISVILLE,5,4,0,685,636,92.946
1178,PURCHASE,4,8,0,805,885,92.938
1179,SOUTHWESTERN (TX),1,12,0,781,997,92.889
1180,IMMACULATA,5,10,0,988,1131,92.871
1181,CALVARY,0,2,0,69,226,92.816
1182,SUNY BROCKPORT,2,7,0,690,768,92.800
1183,KEUKA,3,5,0,557,607,92.792
1184,CHAMPION CHRIS.,0,8,0,535,853,92.792
1185,P.R.-BAYAMON,0,8,0,520,688,92.765
1186,S'WESTERN ADVENTIST,0,4,0,257,449,92.747
1187,TEX. A&M-TEXARKANA,0,1,0,54,92,92.741
1188,MID-ATLANTIC CHRIST.,0,6,0,344,545,92.718
1189,UMSV,4,7,0,808,880,92.695
1190,FISK,0,2,0,135,199,92.692
1191,JWU (PROVIDENCE),2,10,0,738,928,92.687
1192,MARIAN (IN),0,1,0,63,78,92.655
1193,BUFFALO ST.,2,7,0,602,636,92.639
1194,TRINITY (FL),0,1,0,58,130,92.599
1195,GOUCHER,2,9,0,717,906,92.576
1196,ANNA MARIA,4,8,0,841,969,92.570
1197,WILLIAM PEACE,2,11,0,772,1022,92.564
1198,WESTMINSTER (PA),3,8,0,775,817,92.507
1199,ARK. BAPTIST,0,5,0,305,407,92.487
1200,ST. MARY (KS),0,1,0,68,100,92.478
1201,LAGRANGE,4,11,0,1076,1191,92.451
1202,P.R.-RIO PIEDRAS,0,5,0,285,393,92.439
1203,WASHINGTON COL.,5,9,0,797,931,92.413
1204,WILLIAMS BAPTIST,0,3,0,157,275,92.398
1205,PENN COLLEGE,5,8,0,985,1005,92.397
1206,METHODIST,4,7,0,748,764,92.390
1207,NOBEL,0,10,0,549,927,92.377
1208,CENT. CHRISTIAN BIB.,2,4,0,426,559,92.339
1209,LEMOYNE-OWEN,1,13,0,967,1059,92.298
1210,WENTWORTH,1,10,0,797,885,92.256
1211,LUTHER,1,11,0,717,860,92.170
1212,REDEEMER ANCAS. (CAN),0,1,0,65,106,92.164
1213,OLD WESTBURY,5,6,0,787,840,92.150
1214,KENT ST.-TUSCARAWAS,0,5,0,347,475,92.073
1215,MERCHANT MARINE,5,7,0,762,837,92.055
1216,EMMANUEL (MA),1,11,0,817,1025,92.039
1217,SIMPSON (CA),0,3,0,197,249,92.028
1218,PENN ST.-MONT ALTO,0,2,0,123,161,92.027
1219,STANTON,0,3,0,169,239,91.966
1220,WILBERFORCE,0,2,0,122,145,91.941
1221,BELMONT ABBEY,1,7,0,506,594,91.934
1222,MUW,4,9,0,810,907,91.917
1223,FITCHBURG ST.,3,9,0,844,889,91.900
1224,MILLSAPS,2,12,0,914,1047,91.832
1225,PENN ST.-BERKS,3,8,0,787,922,91.826
1226,KUYPER,0,4,0,223,370,91.819
1227,SUNY DELHI,5,9,0,938,1065,91.760
1228,HENDRIX,2,12,0,916,1178,91.749
1229,EARLHAM,0,13,0,881,1129,91.607
1230,THOMAS (ME),3,8,0,858,962,91.593
1231,BLACKBURN,1,11,0,836,1063,91.569
1232,HAVERFORD,3,8,0,870,935,91.534
1233,CHEYNEY,0,7,0,409,683,91.533
1234,TENN. SOUTHERN,0,1,0,69,89,91.528
1235,EAST-WEST U.,0,10,0,556,1004,91.516
1236,TAYLOR (IN),0,1,0,43,107,91.516
1237,LANGARA (CAN),0,2,0,114,175,91.515
1238,STERLING (KS),0,1,0,63,86,91.422
1239,ANA G. MÃ‰NDEZ (PR),0,1,0,90,97,91.393
1240,ST. JOSEPH'S (L.I.),2,11,0,833,1066,91.390
1241,SIMMONS (KY),0,3,0,186,281,91.378
1242,ME.-FORT KENT,0,4,0,273,360,91.343
1243,SUNY COBLESKILL,4,6,0,695,755,91.320
1244,MORRIS,0,4,0,250,487,91.319
1245,PENN ST.-SCRANTON,0,2,0,91,196,91.265
1246,ALMA,0,11,0,708,939,91.251
1247,CLINTON,0,1,0,76,86,91.169
1248,VALLEY FORGE,6,8,0,994,1074,91.164
1249,TOCCOA FALLS,0,8,0,512,729,90.997
1250,PENN ST.-SCHUYLKILL,1,7,0,560,726,90.971
1251,MINN.-MORRIS,2,9,0,780,903,90.936
1252,MANHATTANVILLE,5,7,0,825,864,90.906
1253,PENN ST.-NEW KENS.,0,2,0,144,196,90.905
1254,BRY. & STRAT. (OH) USCAA,0,1,0,56,92,90.860
1255,BEACON COL.,0,1,0,60,114,90.821
1256,NORTHLAND,0,12,0,663,1114,90.818
1257,TEXAS COL.,0,2,0,133,170,90.750
1258,ROSEMONT,3,11,0,811,1061,90.741
1259,PENN ST.-DU BOIS,0,5,0,391,514,90.722
1260,IU COLUMBUS,0,1,0,44,100,90.719
1261,SAINT ELIZABETH,3,11,0,1004,1180,90.712
1262,BRY. & STRAT. (BUF.),0,2,0,142,166,90.658
1263,PENN ST.-GR ALLEGHENY,0,2,0,130,207,90.633
1264,SUNY POTSDAM,1,7,0,547,658,90.603
1265,GREAT LAKE CHRISTIAN,0,3,0,189,327,90.596
1266,DOUGLAS (CAN),0,10,0,560,1019,90.560
1267,TRINITY BIBLE (ND),0,1,0,68,81,90.538
1268,OAKWOOD,0,3,0,216,299,90.487
1269,ST. JOSEPH'S (BRKLN),4,7,0,692,809,90.479
1270,REGENT,1,12,0,937,1197,90.466
1271,PENN ST.-FAYETTE,0,5,0,320,517,90.466
1272,BERKELEY (NY),0,1,0,85,97,90.449
1273,LYCOMING,2,9,0,805,928,90.439
1274,ALFRED ST.,2,10,0,805,983,90.386
1275,COLBY-SAWYER,2,11,0,893,1103,90.326
1276,MESSIAH,1,10,0,662,829,90.295
1277,ECCLESIA,0,8,0,415,915,90.265
1278,MCLA,2,10,0,830,969,90.255
1279,MARANATHA BAPTIST,1,10,0,762,1003,90.163
1280,YORK (NY),2,8,0,692,944,90.132
1281,JARVIS CHRISTIAN,0,1,0,48,85,90.055
1282,SUNY CANTON,0,9,0,580,750,90.050
1283,WESTMINSTER (MO),1,12,0,816,1063,89.984
1284,VTSU LYNDON,4,9,0,985,1263,89.931
1285,GALLAUDET,1,11,0,789,1012,89.885
1286,JWU (CHARLOTTE),0,10,0,676,854,89.868
1287,LESLEY,2,9,0,798,956,89.821
1288,MIAMI-MIDDLETOWN,0,4,0,241,438,89.677
1289,VTSU-JOHNSON,3,9,0,910,1086,89.628
1290,CALTECH,0,12,0,669,1018,89.605
1291,GREENSBORO,1,10,0,638,752,89.596
1292,HOLY CROSS (IN),0,1,0,37,105,89.555
1293,PENN ST. BRANDYWINE,3,10,0,772,925,89.551
1294,VTSU CASTLETON,1,9,0,659,764,89.469
1295,MT. ST. MARY (NY),1,11,0,717,1028,89.242
1296,CAROLINA CHRISTIAN,0,14,0,764,1495,89.230
1297,NEW ENGLAND COL.,2,9,0,757,865,89.188
1298,PENN ST.-SHENANGO,0,7,0,440,629,89.133
1299,HUNTER,2,9,0,743,894,88.924
1300,JUNIATA,0,11,0,615,802,88.879
1301,PENN ST.-BEAVER,0,3,0,182,280,88.862
1302,PENSACOLA CHRISTIAN,0,2,0,147,161,88.776
1303,WELCH,0,4,0,301,428,88.767
1304,CHRISTENDOM,0,3,0,160,234,88.428
1305,CAPILANO (CAN),0,1,0,45,100,88.338
1306,CURRY,1,10,0,715,988,88.270
1307,ELMS,1,12,0,808,1083,88.256
1308,DAYSPRING BIBLE,0,1,0,68,107,88.155
1309,BRY. & STRAT. (ROC.),0,1,0,98,105,87.987
1310,MEDGAR EVERS,2,11,0,810,1019,87.968
1311,PROVIDENCE-MANITOBA,0,1,0,41,83,87.839
1312,PENN ST.-ABINGTON,0,12,0,743,1057,87.773
1313,WARREN WILSON,1,13,0,965,1274,87.682
1314,ALBANY PHARMACY,0,1,0,45,72,87.671
1315,HARTWICK,0,9,0,676,776,87.616
1316,ME.-AUGUSTA,0,6,0,381,603,87.604
1317,PORTLAND BIBLE,0,6,0,210,572,87.552
1318,FAITH BAPT. BIBLE,0,3,0,188,270,87.521
1319,PENN ST.-LEHIGH VAL.,0,3,0,164,240,87.309
1320,PENN ST.-YORK,0,2,0,127,173,87.053
1321,PAUL SMITHS,0,3,0,215,267,86.331
1322,FIVE TOWNS,0,1,0,67,77,86.039
1323,NAVAJO TECH,0,3,0,96,422,85.835
1324,SOUTHEASTERN BAPT.,0,2,0,89,190,85.835
1325,PRATT,0,11,0,638,826,85.619
1326,SUNY ESF,0,3,0,212,269,84.190
1327,PATRICK HENRY,0,1,0,69,98,84.106
1328,OAK HILLS CHRISTIAN,0,2,0,109,171,83.671
1329,APPALACHIAN BIBLE,0,1,0,47,84,80.159
